order_id,store_id,order_date,order_time
1,2,2025-01-21,15:15
2,2,2025-01-08,08:47
3,5,2025-01-29,14:02
4,1,2025-01-01,09:38
5,5,2025-01-01,15:44
6,4,2025-01-18,12:17
7,7,2025-01-26,15:10
8,4,2025-01-23,10:13
9,6,2025-01-31,08:24
10,4,2025-01-04,10:16
11,1,2025-01-26,12:07
12,4,2025-01-30,13:53
13,5,2025-01-21,16:36
14,6,2025-01-07,08:14
15,3,2025-01-25,08:14
16,1,2025-01-28,10:40
17,4,2025-01-27,11:13
18,3,2025-01-22,18:41
19,5,2025-01-03,09:46
20,2,2025-01-08,11:59
21,6,2025-01-21,09:20
22,6,2025-01-27,08:52
23,6,2025-01-02,11:04
24,7,2025-01-07,13:45
25,2,2025-01-11,12:56
26,5,2025-01-30,09:08
27,6,2025-01-08,13:47
28,4,2025-01-19,14:23
29,8,2025-01-08,09:31
30,6,2025-01-03,16:09
31,2,2025-01-21,15:38
32,4,2025-01-03,14:29
33,3,2025-01-17,13:00
34,6,2025-01-22,15:34
35,3,2025-01-25,14:07
36,4,2025-01-10,12:46
37,6,2025-01-29,19:48
38,5,2025-01-06,08:40
39,7,2025-01-10,13:12
40,4,2025-01-05,09:49
41,5,2025-01-30,08:20
42,1,2025-01-16,18:56
43,7,2025-01-27,09:15
44,5,2025-01-29,08:46
45,7,2025-01-16,20:34
46,2,2025-01-25,15:35
47,3,2025-01-06,17:27
48,2,2025-01-31,13:46
49,2,2025-01-23,10:42
50,4,2025-01-21,17:28
51,3,2025-01-04,08:01
52,5,2025-01-19,14:00
53,6,2025-01-03,08:04
54,1,2025-01-29,10:32
55,3,2025-01-08,12:34
56,6,2025-01-05,17:36
57,3,2025-01-16,12:26
58,1,2025-01-07,14:22
59,4,2025-01-14,17:03
60,5,2025-01-22,14:03
61,6,2025-01-13,16:06
62,2,2025-01-08,13:08
63,2,2025-01-14,12:55
64,1,2025-01-30,16:54
65,1,2025-01-18,14:34
66,1,2025-01-27,08:48
67,3,2025-01-28,11:30
68,7,2025-01-07,17:10
69,1,2025-01-13,11:59
70,6,2025-01-26,10:44
71,6,2025-01-31,16:42
72,4,2025-01-23,09:13
73,1,2025-01-31,15:03
74,4,2025-01-24,08:30
75,8,2025-01-17,13:03
76,5,2025-01-31,16:04
77,1,2025-01-20,16:25
78,8,2025-01-04,14:37
79,1,2025-01-20,08:42
80,5,2025-01-19,10:16
81,6,2025-01-07,10:16
82,2,2025-01-13,14:29
83,8,2025-01-11,18:00
84,5,2025-01-15,13:06
85,5,2025-01-03,13:08
86,4,2025-01-30,08:15
87,3,2025-01-12,12:34
88,3,2025-01-23,20:51
89,5,2025-01-21,15:35
90,8,2025-01-10,08:56
91,3,2025-01-05,17:47
92,2,2025-01-18,10:13
93,4,2025-01-23,15:54
94,5,2025-01-09,10:58
95,1,2025-01-28,14:53
96,1,2025-01-09,10:08
97,8,2025-01-21,09:28
98,6,2025-01-18,13:07
99,8,2025-01-03,15:09
100,1,2025-01-18,11:35
101,4,2025-01-05,08:23
102,8,2025-01-29,19:02
103,4,2025-01-29,15:42
104,4,2025-01-04,13:55
105,8,2025-01-14,15:59
106,3,2025-01-30,09:51
107,2,2025-01-26,11:11
108,8,2025-01-24,16:26
109,6,2025-01-26,15:15
110,2,2025-01-09,15:24
111,1,2025-01-28,12:12
112,8,2025-01-27,10:52
113,7,2025-01-26,09:42
114,4,2025-01-07,10:04
115,6,2025-01-31,10:32
116,6,2025-01-13,16:21
117,1,2025-01-31,17:16
118,5,2025-01-06,20:02
119,5,2025-01-04,10:50
120,4,2025-01-11,20:07
121,7,2025-01-13,09:02
122,4,2025-01-23,13:51
123,6,2025-01-18,18:47
124,2,2025-01-22,11:42
125,4,2025-01-30,10:54
126,6,2025-01-04,10:19
127,4,2025-01-22,11:18
128,2,2025-01-18,11:24
129,6,2025-01-22,09:36
130,4,2025-01-10,16:19
131,2,2025-01-10,16:38
132,4,2025-01-21,12:43
133,5,2025-01-07,16:50
134,2,2025-01-24,08:32
135,5,2025-01-22,10:52
136,6,2025-01-31,15:14
137,2,2025-01-26,08:15
138,5,2025-01-16,15:29
139,7,2025-01-14,14:45
140,4,2025-01-23,11:09
141,6,2025-01-21,17:55
142,7,2025-01-25,16:14
143,6,2025-01-06,15:29
144,5,2025-01-02,18:07
145,2,2025-01-15,12:33
146,5,2025-01-18,18:57
147,5,2025-01-15,15:32
148,7,2025-01-14,13:57
149,6,2025-01-06,12:16
150,3,2025-01-25,14:49
151,5,2025-01-25,14:17
152,1,2025-01-15,10:17
153,4,2025-01-11,13:08
154,3,2025-01-05,15:45
155,1,2025-01-07,11:34
156,4,2025-01-15,09:26
157,7,2025-01-13,14:44
158,7,2025-01-01,15:24
159,1,2025-01-16,10:48
160,7,2025-01-13,18:26
161,6,2025-01-18,13:38
162,2,2025-01-29,09:27
163,1,2025-01-16,10:43
164,4,2025-01-26,09:29
165,2,2025-01-30,14:01
166,4,2025-01-30,13:01
167,5,2025-01-03,09:29
168,1,2025-01-06,11:13
169,4,2025-01-15,15:24
170,6,2025-01-09,16:16
171,1,2025-01-27,08:34
172,8,2025-01-02,10:41
173,6,2025-01-03,14:48
174,8,2025-01-01,09:01
175,2,2025-01-20,09:42
176,5,2025-01-04,09:44
177,6,2025-01-09,09:38
178,6,2025-01-31,09:52
179,8,2025-01-06,08:01
180,4,2025-01-30,15:24
181,8,2025-01-13,09:37
182,7,2025-01-23,09:44
183,3,2025-01-25,15:51
184,6,2025-01-04,13:02
185,5,2025-01-12,15:04
186,5,2025-01-17,08:26
187,4,2025-01-27,12:23
188,7,2025-01-21,12:09
189,2,2025-01-14,13:41
190,5,2025-01-09,18:49
191,4,2025-01-16,16:37
192,4,2025-01-09,09:59
193,3,2025-01-03,12:48
194,5,2025-01-15,15:21
195,4,2025-01-01,10:31
196,4,2025-01-07,10:17
197,5,2025-01-29,17:35
198,5,2025-01-01,09:15
199,4,2025-01-24,13:15
200,4,2025-01-23,15:28
201,1,2025-01-26,10:25
202,3,2025-01-23,15:23
203,5,2025-01-16,10:47
204,4,2025-01-18,15:17
205,3,2025-01-10,09:12
206,2,2025-01-11,13:48
207,2,2025-01-23,09:30
208,6,2025-01-09,19:33
209,3,2025-01-20,08:12
210,3,2025-01-10,09:00
211,5,2025-01-23,10:03
212,3,2025-01-18,18:40
213,6,2025-01-28,08:00
214,3,2025-01-19,12:21
215,8,2025-01-06,10:55
216,2,2025-01-16,08:31
217,5,2025-01-03,15:09
218,7,2025-01-05,18:05
219,2,2025-01-08,15:38
220,6,2025-01-20,09:33
221,4,2025-01-13,12:55
222,8,2025-01-19,10:39
223,5,2025-01-02,15:48
224,5,2025-01-07,10:05
225,3,2025-01-06,13:10
226,4,2025-01-01,15:30
227,1,2025-01-10,10:18
228,7,2025-01-23,08:14
229,3,2025-01-30,16:37
230,6,2025-01-22,09:07
231,3,2025-01-18,09:17
232,2,2025-01-27,08:50
233,5,2025-01-10,16:58
234,4,2025-01-10,12:19
235,4,2025-01-23,10:34
236,4,2025-01-16,14:56
237,6,2025-01-14,14:01
238,3,2025-01-03,15:55
239,5,2025-01-19,08:48
240,7,2025-01-22,14:48
241,2,2025-01-25,13:28
242,3,2025-01-30,20:27
243,7,2025-01-21,19:30
244,4,2025-01-12,10:06
245,2,2025-01-28,11:31
246,5,2025-01-10,11:48
247,1,2025-01-18,08:16
248,2,2025-01-11,15:55
249,7,2025-01-17,08:55
250,4,2025-01-18,08:33
251,5,2025-01-12,12:28
252,1,2025-01-25,10:08
253,3,2025-01-30,17:31
254,1,2025-01-04,14:51
255,6,2025-01-08,10:00
256,4,2025-01-18,09:53
257,2,2025-01-30,18:41
258,2,2025-01-27,18:18
259,6,2025-01-17,11:30
260,3,2025-01-16,13:24
261,8,2025-01-07,13:56
262,7,2025-01-05,10:50
263,4,2025-01-28,18:32
264,7,2025-01-09,10:19
265,5,2025-01-27,20:31
266,2,2025-01-28,13:22
267,5,2025-01-11,13:29
268,4,2025-01-30,09:44
269,5,2025-01-08,09:49
270,1,2025-01-14,15:45
271,7,2025-01-30,11:42
272,7,2025-01-26,20:31
273,1,2025-01-31,13:37
274,7,2025-01-11,17:28
275,5,2025-01-04,12:46
276,4,2025-01-05,14:09
277,4,2025-01-03,19:21
278,6,2025-01-20,14:54
279,7,2025-01-11,16:24
280,4,2025-01-31,15:48
281,7,2025-01-16,08:04
282,5,2025-01-08,18:14
283,1,2025-01-24,20:48
284,6,2025-01-21,08:10
285,3,2025-01-23,08:20
286,1,2025-01-26,10:27
287,3,2025-01-05,11:43
288,2,2025-01-26,09:39
289,4,2025-01-28,15:31
290,5,2025-01-30,09:40
291,4,2025-01-09,15:57
292,4,2025-01-26,10:34
293,1,2025-01-06,18:37
294,5,2025-01-10,11:16
295,7,2025-01-15,09:24
296,4,2025-01-28,09:36
297,5,2025-01-12,20:18
298,8,2025-01-01,14:17
299,5,2025-01-01,15:47
300,7,2025-01-02,15:53
301,7,2025-01-29,16:14
302,6,2025-01-20,09:12
303,3,2025-01-20,15:49
304,6,2025-01-22,09:06
305,5,2025-01-29,08:50
306,1,2025-01-15,11:08
307,7,2025-01-03,10:26
308,2,2025-01-06,16:56
309,5,2025-01-12,18:53
310,3,2025-01-06,16:30
311,7,2025-01-31,15:21
312,2,2025-01-26,19:09
313,8,2025-01-25,16:46
314,8,2025-01-22,19:51
315,4,2025-01-18,16:00
316,5,2025-01-09,12:43
317,6,2025-01-24,14:52
318,8,2025-01-21,08:14
319,1,2025-01-16,17:35
320,7,2025-01-11,09:04
321,7,2025-02-21,18:19
322,4,2025-02-21,09:02
323,8,2025-02-10,09:15
324,2,2025-02-18,12:42
325,6,2025-02-24,13:37
326,6,2025-02-24,17:41
327,7,2025-02-04,14:17
328,6,2025-02-02,09:28
329,7,2025-02-08,08:43
330,5,2025-02-12,20:22
331,4,2025-02-02,09:07
332,7,2025-02-28,08:13
333,5,2025-02-21,19:03
334,4,2025-02-26,20:50
335,2,2025-02-19,16:35
336,5,2025-02-07,16:14
337,6,2025-02-11,16:38
338,3,2025-02-01,20:08
339,3,2025-02-18,09:42
340,1,2025-02-28,08:50
341,3,2025-02-26,10:11
342,1,2025-02-09,15:33
343,6,2025-02-04,12:49
344,5,2025-02-12,08:32
345,8,2025-02-08,08:50
346,5,2025-02-28,10:41
347,1,2025-02-01,12:25
348,6,2025-02-14,12:58
349,1,2025-02-15,08:38
350,1,2025-02-05,10:40
351,5,2025-02-19,10:38
352,3,2025-02-17,13:27
353,6,2025-02-04,09:41
354,7,2025-02-21,13:55
355,4,2025-02-07,17:26
356,7,2025-02-11,11:46
357,4,2025-02-04,10:16
358,8,2025-02-12,15:30
359,1,2025-02-03,08:27
360,6,2025-02-04,11:08
361,1,2025-02-18,19:35
362,6,2025-02-11,11:55
363,8,2025-02-22,11:58
364,1,2025-02-24,10:19
365,1,2025-02-12,13:09
366,4,2025-02-22,16:22
367,5,2025-02-28,09:17
368,3,2025-02-19,11:35
369,7,2025-02-25,14:41
370,1,2025-02-18,18:53
371,3,2025-02-23,09:44
372,4,2025-02-25,10:00
373,7,2025-02-06,13:25
374,2,2025-02-03,14:01
375,6,2025-02-03,09:26
376,4,2025-02-15,11:46
377,6,2025-02-11,13:05
378,2,2025-02-02,15:03
379,1,2025-02-22,12:27
380,5,2025-02-16,11:13
381,5,2025-02-25,10:07
382,6,2025-02-10,14:33
383,4,2025-02-22,09:38
384,1,2025-02-02,10:13
385,2,2025-02-25,10:20
386,1,2025-02-04,15:11
387,4,2025-02-05,15:32
388,7,2025-02-18,16:04
389,7,2025-02-13,08:01
390,8,2025-02-15,16:36
391,5,2025-02-14,15:26
392,2,2025-02-10,08:20
393,6,2025-02-06,14:53
394,8,2025-02-23,08:54
395,3,2025-02-04,14:33
396,4,2025-02-03,10:21
397,4,2025-02-08,09:32
398,2,2025-02-21,13:57
399,4,2025-02-25,15:52
400,7,2025-02-21,09:09
401,2,2025-02-09,14:48
402,5,2025-02-25,09:49
403,4,2025-02-21,15:48
404,4,2025-02-19,18:36
405,5,2025-02-21,14:55
406,4,2025-02-21,12:30
407,5,2025-02-15,16:37
408,4,2025-02-02,08:29
409,1,2025-02-15,11:18
410,5,2025-02-03,20:05
411,5,2025-02-20,11:37
412,8,2025-02-18,15:02
413,7,2025-02-15,14:12
414,5,2025-02-11,13:03
415,1,2025-02-15,17:21
416,1,2025-02-23,14:02
417,6,2025-02-08,20:33
418,5,2025-02-17,11:58
419,4,2025-02-10,16:43
420,1,2025-02-20,14:21
421,4,2025-02-03,13:24
422,3,2025-02-10,16:58
423,7,2025-02-20,10:37
424,2,2025-02-22,10:41
425,5,2025-02-23,09:45
426,4,2025-02-03,11:50
427,7,2025-02-11,15:53
428,8,2025-02-24,18:05
429,6,2025-02-21,13:01
430,4,2025-02-12,18:21
431,4,2025-02-25,09:08
432,1,2025-02-05,16:06
433,6,2025-02-17,16:56
434,1,2025-02-17,10:49
435,2,2025-02-20,11:10
436,7,2025-02-06,15:51
437,6,2025-02-06,08:23
438,6,2025-02-22,19:39
439,6,2025-02-10,16:14
440,3,2025-02-18,19:50
441,7,2025-02-16,09:43
442,8,2025-02-19,12:18
443,4,2025-02-25,13:10
444,2,2025-02-27,14:55
445,1,2025-02-09,12:23
446,8,2025-02-18,15:33
447,2,2025-02-28,08:10
448,4,2025-02-09,13:53
449,1,2025-02-14,18:52
450,7,2025-02-15,18:26
451,4,2025-02-02,11:24
452,4,2025-02-03,08:59
453,7,2025-02-04,14:50
454,2,2025-02-05,10:53
455,6,2025-02-16,09:45
456,4,2025-02-16,08:05
457,3,2025-02-01,16:35
458,5,2025-02-24,11:49
459,3,2025-02-10,09:15
460,5,2025-02-14,14:04
461,7,2025-02-04,12:34
462,5,2025-02-01,14:45
463,3,2025-02-05,08:22
464,5,2025-02-08,09:42
465,5,2025-02-03,10:33
466,5,2025-02-18,20:35
467,4,2025-02-01,12:40
468,8,2025-02-13,10:01
469,6,2025-02-12,10:46
470,5,2025-02-22,15:47
471,4,2025-02-25,08:34
472,7,2025-02-11,09:49
473,4,2025-02-22,15:40
474,7,2025-02-06,08:49
475,1,2025-02-15,09:50
476,7,2025-02-07,10:19
477,4,2025-02-17,16:30
478,1,2025-02-09,14:18
479,7,2025-02-12,08:41
480,3,2025-02-11,16:27
481,6,2025-02-13,17:24
482,8,2025-02-11,12:31
483,8,2025-02-12,13:51
484,6,2025-02-03,08:38
485,2,2025-02-27,10:06
486,4,2025-02-03,10:28
487,6,2025-02-20,09:28
488,4,2025-02-12,15:58
489,5,2025-02-12,12:40
490,8,2025-02-26,08:40
491,4,2025-02-13,16:43
492,8,2025-02-06,09:38
493,6,2025-02-22,08:04
494,6,2025-02-08,11:24
495,1,2025-02-19,09:28
496,4,2025-02-12,15:36
497,5,2025-02-05,11:41
498,3,2025-02-09,08:47
499,4,2025-02-06,11:35
500,3,2025-02-04,10:28
501,8,2025-02-07,10:58
502,2,2025-02-16,09:04
503,2,2025-02-15,15:05
504,6,2025-02-26,16:20
505,4,2025-02-22,08:34
506,7,2025-02-10,16:45
507,8,2025-02-23,14:50
508,5,2025-02-12,09:12
509,2,2025-02-26,16:01
510,5,2025-02-12,11:51
511,2,2025-02-18,17:04
512,4,2025-02-10,15:30
513,4,2025-02-17,11:36
514,2,2025-02-03,10:04
515,4,2025-02-15,13:08
516,6,2025-02-27,14:11
517,8,2025-02-25,12:58
518,1,2025-02-28,09:09
519,2,2025-02-10,10:45
520,4,2025-02-08,18:57
521,7,2025-02-10,10:40
522,3,2025-02-18,14:39
523,1,2025-02-18,14:37
524,2,2025-02-19,14:46
525,4,2025-02-20,18:02
526,7,2025-02-27,08:41
527,5,2025-02-25,14:49
528,4,2025-02-19,14:31
529,5,2025-02-21,14:19
530,3,2025-02-16,16:25
531,4,2025-02-10,15:10
532,4,2025-02-15,12:21
533,2,2025-02-20,16:20
534,8,2025-02-24,10:25
535,6,2025-02-05,13:06
536,3,2025-02-11,09:28
537,2,2025-02-08,08:24
538,5,2025-02-28,09:55
539,7,2025-02-06,18:46
540,2,2025-02-11,09:32
541,4,2025-02-15,10:01
542,8,2025-02-03,13:15
543,5,2025-02-07,08:18
544,5,2025-02-16,16:43
545,3,2025-02-16,08:06
546,2,2025-02-14,10:23
547,4,2025-02-25,08:03
548,5,2025-02-19,10:18
549,4,2025-02-03,12:35
550,7,2025-02-09,14:39
551,2,2025-02-04,08:23
552,8,2025-02-26,13:23
553,2,2025-02-25,14:25
554,1,2025-02-17,08:45
555,6,2025-02-11,13:09
556,7,2025-02-20,09:59
557,4,2025-02-20,11:39
558,7,2025-02-24,14:32
559,5,2025-02-27,12:36
560,4,2025-02-10,08:21
561,1,2025-02-22,11:19
562,7,2025-02-26,17:40
563,5,2025-02-01,10:41
564,8,2025-02-26,14:14
565,1,2025-02-24,12:33
566,6,2025-02-21,16:24
567,7,2025-02-05,09:36
568,1,2025-02-23,08:20
569,2,2025-02-14,15:26
570,6,2025-02-17,18:55
571,6,2025-02-28,08:08
572,2,2025-02-17,10:42
573,5,2025-02-16,10:11
574,7,2025-02-15,10:22
575,6,2025-02-22,15:41
576,6,2025-02-26,14:12
577,3,2025-02-08,10:19
578,3,2025-02-25,09:45
579,4,2025-02-16,10:59
580,6,2025-02-26,10:36
581,5,2025-02-22,17:25
582,4,2025-02-27,16:09
583,1,2025-02-10,19:05
584,8,2025-02-12,14:47
585,2,2025-02-16,16:17
586,6,2025-02-18,09:39
587,5,2025-02-24,09:42
588,3,2025-02-17,09:06
589,4,2025-02-14,12:43
590,2,2025-02-25,19:59
591,4,2025-02-06,18:56
592,4,2025-02-16,09:18
593,3,2025-02-11,08:49
594,5,2025-02-03,09:47
595,7,2025-02-24,08:58
596,4,2025-02-06,16:59
597,8,2025-02-02,11:31
598,8,2025-02-06,19:59
599,7,2025-02-10,08:36
600,1,2025-02-20,20:18
601,8,2025-02-15,13:31
602,7,2025-02-05,12:12
603,2,2025-02-26,09:29
604,3,2025-02-21,09:47
605,6,2025-02-11,13:48
606,2,2025-02-07,16:57
607,7,2025-02-13,13:05
608,6,2025-02-13,09:08
609,4,2025-02-16,09:16
610,3,2025-02-13,15:21
611,5,2025-02-10,14:16
612,4,2025-02-21,09:42
613,4,2025-02-04,09:43
614,8,2025-02-17,17:49
615,6,2025-02-10,14:18
616,5,2025-02-12,09:08
617,2,2025-02-16,15:38
618,4,2025-02-12,13:30
619,5,2025-02-25,15:13
620,3,2025-02-25,15:55
621,1,2025-02-26,12:45
622,1,2025-02-12,13:03
623,5,2025-02-27,13:36
624,2,2025-02-18,10:33
625,2,2025-02-15,09:37
626,1,2025-02-16,13:51
627,4,2025-02-02,13:29
628,1,2025-02-19,12:51
629,6,2025-02-10,11:52
630,6,2025-02-01,14:02
631,4,2025-02-14,08:03
632,8,2025-02-03,12:18
633,2,2025-02-14,09:41
634,5,2025-02-24,11:57
635,4,2025-02-13,18:24
636,1,2025-02-13,19:55
637,2,2025-02-18,16:07
638,8,2025-02-06,11:08
639,8,2025-02-24,16:48
640,8,2025-02-01,12:46
641,4,2025-02-18,11:14
642,4,2025-02-08,09:12
643,6,2025-02-24,08:42
644,5,2025-02-14,18:56
645,3,2025-02-01,08:38
646,4,2025-02-02,15:55
647,3,2025-02-02,08:28
648,5,2025-02-08,15:49
649,2,2025-02-02,20:14
650,7,2025-02-27,14:36
651,6,2025-02-20,16:15
652,7,2025-02-10,20:33
653,4,2025-02-08,10:35
654,7,2025-02-19,18:40
655,4,2025-02-22,12:22
656,6,2025-02-21,16:20
657,4,2025-02-23,09:24
658,6,2025-02-06,12:54
659,3,2025-02-08,15:51
660,7,2025-02-15,13:26
661,5,2025-02-18,11:16
662,4,2025-02-07,08:28
663,4,2025-02-28,13:53
664,1,2025-02-07,11:38
665,1,2025-02-20,08:51
666,5,2025-02-25,15:13
667,2,2025-02-16,17:19
668,2,2025-02-01,09:47
669,6,2025-02-04,15:58
670,6,2025-02-08,15:25
671,5,2025-02-08,16:24
672,5,2025-02-15,10:16
673,5,2025-02-12,12:06
674,8,2025-02-26,12:53
675,7,2025-02-11,11:26
676,5,2025-02-02,09:09
677,3,2025-02-01,18:37
678,4,2025-02-24,09:21
679,4,2025-02-08,16:31
680,5,2025-02-18,15:16
681,7,2025-02-25,19:41
682,4,2025-02-24,09:50
683,2,2025-02-12,15:31
684,8,2025-02-06,13:41
685,5,2025-02-02,16:04
686,6,2025-02-27,15:26
687,7,2025-02-05,09:45
688,1,2025-02-05,13:23
689,5,2025-02-02,15:39
690,5,2025-02-16,08:34
691,4,2025-02-18,08:46
692,5,2025-02-09,10:32
693,6,2025-02-27,11:58
694,1,2025-02-06,08:09
695,2,2025-02-08,13:52
696,3,2025-02-12,11:23
697,4,2025-02-13,09:44
698,3,2025-02-08,16:05
699,8,2025-02-21,14:02
700,4,2025-02-03,11:30
701,5,2025-03-02,15:05
702,7,2025-03-16,14:21
703,8,2025-03-19,19:57
704,8,2025-03-17,09:57
705,6,2025-03-28,13:17
706,8,2025-03-02,15:17
707,5,2025-03-29,14:11
708,7,2025-03-30,08:13
709,2,2025-03-19,16:52
710,8,2025-03-13,10:36
711,5,2025-03-08,16:43
712,5,2025-03-29,11:47
713,6,2025-03-05,15:05
714,6,2025-03-17,10:06
715,3,2025-03-14,08:38
716,5,2025-03-25,14:49
717,1,2025-03-11,10:28
718,3,2025-03-16,13:24
719,2,2025-03-14,14:24
720,6,2025-03-03,10:15
721,1,2025-03-23,10:24
722,6,2025-03-23,09:24
723,4,2025-03-11,08:19
724,4,2025-03-15,10:08
725,2,2025-03-03,12:35
726,4,2025-03-17,08:22
727,1,2025-03-18,14:20
728,4,2025-03-28,10:24
729,1,2025-03-25,17:57
730,5,2025-03-08,09:24
731,2,2025-03-06,10:31
732,1,2025-03-05,12:26
733,4,2025-03-10,08:16
734,3,2025-03-31,14:38
735,2,2025-03-20,08:19
736,8,2025-03-01,10:39
737,6,2025-03-13,10:21
738,7,2025-03-14,16:38
739,3,2025-03-05,14:44
740,4,2025-03-07,09:25
741,4,2025-03-31,15:40
742,8,2025-03-16,16:20
743,3,2025-03-13,16:23
744,8,2025-03-04,09:34
745,6,2025-03-06,13:46
746,8,2025-03-15,09:51
747,7,2025-03-10,08:54
748,6,2025-03-26,15:08
749,3,2025-03-21,10:09
750,4,2025-03-23,11:28
751,4,2025-03-20,11:32
752,8,2025-03-30,15:34
753,6,2025-03-02,10:57
754,5,2025-03-26,14:05
755,6,2025-03-04,14:22
756,5,2025-03-06,08:41
757,5,2025-03-22,19:21
758,6,2025-03-31,08:06
759,2,2025-03-09,15:35
760,6,2025-03-19,09:23
761,4,2025-03-13,15:44
762,2,2025-03-17,20:30
763,3,2025-03-04,18:05
764,7,2025-03-04,15:22
765,4,2025-03-10,16:33
766,4,2025-03-16,08:46
767,4,2025-03-23,08:02
768,6,2025-03-26,08:21
769,1,2025-03-21,16:59
770,3,2025-03-24,09:10
771,5,2025-03-11,19:14
772,4,2025-03-26,09:40
773,4,2025-03-22,08:39
774,2,2025-03-29,14:24
775,6,2025-03-01,09:48
776,7,2025-03-23,08:06
777,7,2025-03-26,09:20
778,4,2025-03-07,10:55
779,5,2025-03-16,14:38
780,5,2025-03-13,14:22
781,7,2025-03-12,14:52
782,6,2025-03-22,10:39
783,1,2025-03-19,09:07
784,3,2025-03-08,09:44
785,5,2025-03-05,11:08
786,4,2025-03-19,09:40
787,6,2025-03-18,14:11
788,2,2025-03-18,10:11
789,7,2025-03-11,14:55
790,8,2025-03-12,12:12
791,4,2025-03-27,13:41
792,4,2025-03-16,12:45
793,4,2025-03-27,09:36
794,6,2025-03-01,09:02
795,3,2025-03-09,10:49
796,5,2025-03-15,15:31
797,5,2025-03-18,14:17
798,5,2025-03-25,20:34
799,6,2025-03-27,15:28
800,2,2025-03-18,11:47
801,5,2025-03-27,09:55
802,4,2025-03-02,10:52
803,4,2025-03-03,20:49
804,3,2025-03-26,16:37
805,4,2025-03-23,15:40
806,2,2025-03-14,09:13
807,2,2025-03-27,08:22
808,3,2025-03-18,13:20
809,3,2025-03-23,14:54
810,8,2025-03-17,15:06
811,8,2025-03-05,16:58
812,8,2025-03-02,17:08
813,7,2025-03-23,09:45
814,7,2025-03-11,15:43
815,4,2025-03-13,14:17
816,4,2025-03-21,12:40
817,7,2025-03-26,08:32
818,3,2025-03-24,18:23
819,8,2025-03-15,10:00
820,6,2025-03-28,15:46
821,5,2025-03-15,15:54
822,6,2025-03-03,11:27
823,2,2025-03-27,10:53
824,4,2025-03-10,14:36
825,4,2025-03-28,10:43
826,1,2025-03-25,08:50
827,4,2025-03-27,09:54
828,4,2025-03-06,08:27
829,8,2025-03-07,18:56
830,3,2025-03-21,17:56
831,1,2025-03-09,10:05
832,5,2025-03-12,14:03
833,5,2025-03-13,15:48
834,4,2025-03-08,08:06
835,2,2025-03-01,08:37
836,5,2025-03-08,12:00
837,4,2025-03-23,09:55
838,6,2025-03-14,12:14
839,1,2025-03-13,16:06
840,4,2025-03-11,10:24
841,7,2025-03-25,17:41
842,2,2025-03-22,13:00
843,5,2025-03-20,12:46
844,5,2025-03-07,09:26
845,6,2025-03-20,16:05
846,1,2025-03-29,15:37
847,4,2025-03-24,19:20
848,2,2025-03-26,10:05
849,5,2025-03-08,14:38
850,6,2025-03-10,15:54
851,5,2025-03-28,10:33
852,5,2025-03-20,15:18
853,1,2025-03-21,17:15
854,4,2025-03-16,09:40
855,1,2025-03-20,17:00
856,8,2025-03-12,09:55
857,5,2025-03-27,11:43
858,6,2025-03-06,18:49
859,1,2025-03-03,08:16
860,1,2025-03-07,08:50
861,5,2025-03-13,14:32
862,4,2025-03-25,15:05
863,5,2025-03-21,14:17
864,4,2025-03-03,13:13
865,2,2025-03-26,10:37
866,6,2025-03-21,14:41
867,4,2025-03-03,12:54
868,1,2025-03-08,08:27
869,4,2025-03-04,14:19
870,6,2025-03-22,15:07
871,6,2025-03-01,15:10
872,8,2025-03-16,13:50
873,6,2025-03-27,09:08
874,6,2025-03-24,10:56
875,6,2025-03-04,08:51
876,3,2025-03-14,08:45
877,5,2025-03-19,12:32
878,1,2025-03-12,16:10
879,2,2025-03-12,16:57
880,6,2025-03-19,09:47
881,1,2025-03-17,16:00
882,1,2025-03-08,11:58
883,2,2025-03-05,19:02
884,6,2025-03-18,15:41
885,3,2025-03-14,09:58
886,4,2025-03-24,16:36
887,2,2025-03-12,15:03
888,3,2025-03-06,13:02
889,4,2025-03-31,17:55
890,6,2025-03-10,10:05
891,4,2025-03-18,11:18
892,6,2025-03-19,15:15
893,4,2025-03-15,19:49
894,2,2025-03-25,17:48
895,3,2025-03-26,08:26
896,3,2025-03-01,10:53
897,7,2025-03-23,18:00
898,5,2025-03-25,16:46
899,1,2025-03-10,13:15
900,4,2025-03-14,08:09
901,3,2025-03-23,08:14
902,7,2025-03-29,11:57
903,4,2025-03-12,15:37
904,5,2025-03-04,14:25
905,5,2025-03-03,08:42
906,2,2025-03-31,10:54
907,8,2025-03-11,11:53
908,4,2025-03-24,12:14
909,8,2025-03-03,09:49
910,1,2025-03-19,08:28
911,4,2025-03-15,09:22
912,6,2025-03-31,12:29
913,7,2025-03-09,08:51
914,3,2025-03-22,15:38
915,2,2025-03-02,16:09
916,6,2025-03-03,19:25
917,1,2025-03-17,10:52
918,1,2025-03-06,11:28
919,6,2025-03-18,09:29
920,6,2025-03-04,09:00
921,7,2025-03-02,20:08
922,7,2025-03-07,11:40
923,5,2025-03-31,14:16
924,7,2025-03-30,08:04
925,7,2025-03-07,12:08
926,7,2025-03-03,16:21
927,1,2025-03-04,12:10
928,5,2025-03-30,16:25
929,1,2025-03-16,15:11
930,2,2025-03-12,09:17
931,7,2025-03-15,08:39
932,3,2025-03-20,10:26
933,5,2025-03-29,08:17
934,2,2025-03-13,09:56
935,5,2025-03-26,14:51
936,6,2025-03-18,20:50
937,4,2025-03-23,13:31
938,7,2025-03-12,13:24
939,2,2025-03-09,10:14
940,7,2025-03-01,16:03
941,8,2025-03-26,13:49
942,8,2025-03-19,19:06
943,5,2025-03-08,10:52
944,8,2025-03-26,08:14
945,7,2025-03-19,16:22
946,7,2025-03-30,16:11
947,5,2025-03-08,16:44
948,7,2025-03-12,08:44
949,8,2025-03-12,13:36
950,2,2025-03-31,20:56
951,5,2025-03-16,09:02
952,1,2025-03-03,14:01
953,4,2025-03-17,10:39
954,7,2025-03-07,10:11
955,6,2025-03-30,17:03
956,2,2025-03-01,15:09
957,1,2025-03-25,13:23
958,1,2025-03-31,15:42
959,5,2025-03-13,10:20
960,8,2025-03-05,15:27
961,5,2025-03-26,12:20
962,6,2025-03-06,13:56
963,5,2025-03-30,10:42
964,7,2025-03-19,11:46
965,3,2025-03-23,09:00
966,6,2025-03-31,14:54
967,8,2025-03-25,08:38
968,8,2025-03-11,19:14
969,5,2025-03-21,18:09
970,6,2025-03-11,09:20
971,5,2025-03-06,19:52
972,6,2025-03-23,15:21
973,1,2025-03-15,09:44
974,4,2025-03-03,16:46
975,1,2025-03-01,12:26
976,7,2025-03-06,12:24
977,5,2025-03-12,08:30
978,7,2025-03-26,14:43
979,2,2025-03-08,08:54
980,3,2025-03-02,10:06
981,4,2025-03-03,17:10
982,1,2025-03-24,18:05
983,5,2025-03-11,14:30
984,1,2025-03-23,18:10
985,7,2025-03-20,09:06
986,2,2025-03-11,09:44
987,6,2025-03-18,15:16
988,3,2025-03-22,09:03
989,5,2025-03-13,16:09
990,4,2025-03-02,11:18
991,5,2025-03-27,14:12
992,1,2025-03-04,09:18
993,4,2025-03-03,09:50
994,4,2025-03-13,17:16
995,5,2025-03-03,11:23
996,4,2025-03-29,09:02
997,4,2025-03-09,10:53
998,5,2025-03-09,09:44
999,1,2025-03-22,15:51
1000,4,2025-03-18,15:14
1001,1,2025-03-18,11:33
1002,8,2025-03-14,15:59
1003,5,2025-03-16,09:19
1004,4,2025-03-03,16:02
1005,5,2025-03-17,13:36
1006,8,2025-03-22,09:48
1007,2,2025-03-15,20:13
1008,2,2025-03-26,08:05
1009,4,2025-03-22,20:40
1010,7,2025-03-05,10:58
1011,7,2025-03-24,08:24
1012,4,2025-03-18,10:17
1013,4,2025-03-17,17:50
1014,5,2025-03-23,13:26
1015,4,2025-03-04,09:37
1016,6,2025-03-19,18:59
1017,5,2025-03-04,08:18
1018,5,2025-03-28,10:26
1019,4,2025-03-09,12:38
1020,1,2025-03-16,10:09
1021,5,2025-03-20,15:02
1022,7,2025-03-13,10:15
1023,6,2025-03-02,18:57
1024,1,2025-03-12,16:19
1025,3,2025-03-10,12:44
1026,1,2025-03-22,17:08
1027,8,2025-03-10,12:52
1028,3,2025-03-11,11:41
1029,2,2025-03-03,09:52
1030,6,2025-03-14,15:55
1031,7,2025-03-12,13:10
1032,4,2025-03-03,13:08
1033,7,2025-03-25,17:01
1034,2,2025-03-06,16:53
1035,3,2025-03-02,12:58
1036,6,2025-03-12,10:52
1037,5,2025-03-15,14:07
1038,1,2025-03-22,11:38
1039,2,2025-03-15,17:37
1040,4,2025-03-18,09:57
1041,6,2025-03-09,15:18
1042,4,2025-03-01,09:36
1043,8,2025-03-25,16:41
1044,6,2025-03-08,10:26
1045,1,2025-03-17,16:49
1046,1,2025-03-22,18:41
1047,5,2025-03-06,08:16
1048,6,2025-03-20,10:45
1049,3,2025-03-21,17:54
1050,4,2025-03-12,09:19
1051,5,2025-03-22,14:37
1052,1,2025-03-04,20:53
1053,4,2025-03-27,14:38
1054,3,2025-03-10,08:04
1055,8,2025-03-11,14:55
1056,3,2025-03-09,15:57
1057,3,2025-03-21,09:48
1058,7,2025-03-08,16:51
1059,5,2025-03-26,15:43
1060,6,2025-03-05,14:18
1061,7,2025-03-09,11:47
1062,5,2025-03-02,20:52
1063,4,2025-03-07,15:43
1064,5,2025-03-18,12:42
1065,5,2025-03-12,16:53
1066,7,2025-03-22,09:06
1067,2,2025-03-16,10:51
1068,6,2025-03-18,09:43
1069,4,2025-03-29,08:22
1070,6,2025-03-08,10:50
1071,4,2025-03-29,10:18
1072,7,2025-03-15,12:55
1073,5,2025-03-21,18:04
1074,7,2025-03-16,13:55
1075,4,2025-03-22,10:03
1076,7,2025-03-28,09:12
1077,4,2025-03-11,14:58
1078,2,2025-03-15,16:11
1079,1,2025-03-25,10:11
1080,5,2025-03-11,08:17
1081,6,2025-03-07,09:48
1082,4,2025-03-06,15:05
1083,5,2025-03-05,14:25
1084,8,2025-03-14,11:02
1085,2,2025-03-18,11:00
1086,4,2025-03-29,16:12
1087,6,2025-03-01,14:15
1088,6,2025-03-08,10:08
1089,4,2025-03-04,14:10
1090,7,2025-03-03,10:18
1091,6,2025-03-15,14:21
1092,7,2025-03-14,20:21
1093,4,2025-03-29,15:10
1094,7,2025-03-31,16:01
1095,3,2025-03-08,20:13
1096,1,2025-03-24,13:07
1097,6,2025-03-12,16:24
1098,5,2025-03-29,15:39
1099,5,2025-03-02,08:06
1100,7,2025-03-21,08:07
1101,4,2025-03-14,09:16
1102,6,2025-03-16,09:43
1103,1,2025-03-21,11:06
1104,5,2025-03-22,14:44
1105,4,2025-03-05,17:32
1106,5,2025-03-24,10:50
1107,4,2025-03-04,14:49
1108,7,2025-03-09,19:22
1109,4,2025-03-23,09:35
1110,7,2025-03-16,15:30
1111,3,2025-03-11,08:05
1112,1,2025-03-30,14:31
1113,8,2025-03-05,16:04
1114,6,2025-03-24,17:41
1115,4,2025-03-08,20:16
1116,1,2025-03-15,16:55
1117,7,2025-03-02,10:43
1118,4,2025-03-11,09:54
1119,7,2025-03-25,08:08
1120,5,2025-03-22,10:57
1121,8,2025-03-15,10:46
1122,4,2025-03-03,10:07
1123,4,2025-03-13,12:53
1124,6,2025-03-13,12:26
1125,7,2025-03-21,09:08
1126,6,2025-03-23,20:54
1127,1,2025-03-06,18:30
1128,5,2025-03-26,12:39
1129,6,2025-03-13,14:55
1130,7,2025-03-22,15:57
1131,4,2025-03-05,12:56
1132,4,2025-03-14,08:41
1133,1,2025-03-11,17:33
1134,6,2025-03-25,15:14
1135,6,2025-03-31,10:33
1136,6,2025-03-23,08:42
1137,3,2025-03-24,10:43
1138,4,2025-03-21,16:35
1139,8,2025-03-29,08:41
1140,2,2025-03-30,16:54
1141,7,2025-03-16,08:31
1142,3,2025-03-11,19:03
1143,3,2025-03-17,14:25
1144,3,2025-03-27,12:51
1145,4,2025-03-19,16:28
1146,2,2025-03-11,12:41
1147,1,2025-03-01,11:35
1148,1,2025-03-18,08:38
1149,5,2025-03-31,10:32
1150,2,2025-03-18,15:21
1151,7,2025-03-12,16:54
1152,4,2025-03-15,15:38
1153,6,2025-03-16,10:28
1154,1,2025-03-04,14:00
1155,4,2025-03-11,14:51
1156,5,2025-03-10,11:06
1157,7,2025-03-02,12:52
1158,6,2025-03-23,11:16
1159,2,2025-03-20,09:54
1160,2,2025-03-13,16:12
1161,4,2025-03-23,15:02
1162,5,2025-03-30,15:07
1163,7,2025-03-25,12:37
1164,5,2025-03-31,19:00
1165,6,2025-03-17,13:27
1166,5,2025-03-27,18:49
1167,7,2025-03-30,15:11
1168,7,2025-03-24,08:42
1169,5,2025-03-20,10:56
1170,4,2025-03-13,14:44
1171,3,2025-03-25,11:21
1172,4,2025-03-10,09:26
1173,6,2025-03-20,15:19
1174,6,2025-03-27,16:45
1175,8,2025-03-24,14:12
1176,5,2025-03-07,10:22
1177,6,2025-03-30,20:41
1178,2,2025-03-31,13:40
1179,6,2025-03-11,15:35
1180,5,2025-03-16,18:45
1181,6,2025-03-14,17:34
1182,7,2025-03-10,11:00
1183,1,2025-03-17,11:03
1184,1,2025-03-22,10:50
1185,8,2025-03-06,15:09
1186,1,2025-03-27,16:13
1187,5,2025-03-25,10:28
1188,5,2025-03-04,15:35
1189,3,2025-03-28,14:24
1190,5,2025-03-08,16:44
1191,6,2025-03-10,08:24
1192,4,2025-03-13,16:43
1193,8,2025-03-11,08:47
1194,2,2025-03-09,17:55
1195,4,2025-03-28,09:40
1196,6,2025-03-23,11:37
1197,6,2025-03-18,09:46
1198,2,2025-03-31,12:43
1199,2,2025-03-03,09:32
1200,4,2025-03-04,11:35
