item_id,order_id,product_id,quantity,unit_price
1,1,5,1,3.5
2,2,10,1,2.6
3,3,2,1,2.8
4,3,9,1,2.6
5,3,8,1,3.1
6,4,12,1,2.7
7,4,9,1,2.6
8,5,21,1,3.2
9,5,20,1,3.9
10,5,22,1,4.0
11,6,6,2,3.7
12,7,10,1,2.6
13,7,6,2,3.7
14,8,19,2,3.8
15,8,1,1,2.5
16,9,7,2,3.3
17,10,7,2,3.3
18,10,9,1,2.6
19,11,3,1,3.2
20,11,22,1,4.0
21,12,21,1,3.2
22,13,21,1,3.2
23,14,5,1,3.5
24,15,3,1,3.2
25,16,22,1,4.0
26,16,2,1,2.8
27,16,6,2,3.7
28,17,3,1,3.2
29,18,17,1,4.2
30,18,2,1,2.8
31,19,18,1,3.8
32,20,2,1,2.8
33,21,23,1,4.1
34,21,6,2,3.7
35,22,18,1,3.8
36,23,1,1,2.5
37,24,1,1,2.5
38,25,2,1,2.8
39,25,2,1,2.8
40,26,8,1,3.1
41,27,3,1,3.2
42,28,14,1,2.9
43,28,1,1,2.5
44,28,22,1,4.0
45,29,22,1,4.0
46,29,4,1,3.4
47,30,14,2,2.9
48,30,1,1,2.5
49,31,4,1,3.4
50,31,15,1,4.5
51,32,8,1,3.1
52,32,11,1,2.6
53,32,21,1,3.2
54,33,7,1,3.3
55,34,2,2,2.8
56,35,23,1,4.1
57,35,23,1,4.1
58,35,2,1,2.8
59,36,19,2,3.8
60,37,7,1,3.3
61,38,5,1,3.5
62,38,18,1,3.8
63,39,4,1,3.4
64,39,13,1,2.8
65,40,5,1,3.5
66,40,7,1,3.3
67,40,17,1,4.2
68,41,10,2,2.6
69,42,12,1,2.7
70,43,3,1,3.2
71,44,8,2,3.1
72,44,4,2,3.4
73,45,2,1,2.8
74,46,20,1,3.9
75,46,15,1,4.5
76,47,1,1,2.5
77,48,22,1,4.0
78,49,13,1,2.8
79,49,8,1,3.1
80,50,3,1,3.2
81,51,7,1,3.3
82,52,5,1,3.5
83,52,4,1,3.4
84,53,23,1,4.1
85,54,19,2,3.8
86,54,2,1,2.8
87,54,19,1,3.8
88,55,6,1,3.7
89,56,13,1,2.8
90,57,2,1,2.8
91,57,9,1,2.6
92,57,21,1,3.2
93,58,7,1,3.3
94,59,14,1,2.9
95,59,13,1,2.8
96,60,2,1,2.8
97,60,14,2,2.9
98,61,15,1,4.5
99,62,19,1,3.8
100,62,1,1,2.5
101,63,5,1,3.5
102,64,8,1,3.1
103,65,13,1,2.8
104,66,6,1,3.7
105,66,10,1,2.6
106,67,19,1,3.8
107,68,16,1,2.8
108,68,2,1,2.8
109,69,4,1,3.4
110,69,2,2,2.8
111,70,5,1,3.5
112,71,15,1,4.5
113,72,1,2,2.5
114,72,8,2,3.1
115,73,19,2,3.8
116,74,16,1,2.8
117,75,5,1,3.5
118,75,21,1,3.2
119,76,11,2,2.6
120,76,2,1,2.8
121,77,3,1,3.2
122,78,20,1,3.9
123,79,3,1,3.2
124,79,1,2,2.5
125,80,4,1,3.4
126,81,22,1,4.0
127,81,17,1,4.2
128,82,2,1,2.8
129,83,19,1,3.8
130,84,3,1,3.2
131,85,6,2,3.7
132,86,22,1,4.0
133,87,1,1,2.5
134,88,1,1,2.5
135,89,9,1,2.6
136,90,16,1,2.8
137,91,22,1,4.0
138,92,8,2,3.1
139,93,6,1,3.7
140,94,19,1,3.8
141,94,23,1,4.1
142,95,8,1,3.1
143,96,15,1,4.5
144,96,4,1,3.4
145,97,5,1,3.5
146,98,11,1,2.6
147,99,2,1,2.8
148,99,1,1,2.5
149,100,19,2,3.8
150,100,17,1,4.2
151,101,13,1,2.8
152,102,14,2,2.9
153,103,21,1,3.2
154,104,2,2,2.8
155,104,5,1,3.5
156,104,17,1,4.2
157,105,21,1,3.2
158,105,1,1,2.5
159,106,6,1,3.7
160,107,13,1,2.8
161,107,1,2,2.5
162,108,8,1,3.1
163,109,15,1,4.5
164,110,1,1,2.5
165,111,3,1,3.2
166,112,23,2,4.1
167,112,12,1,2.7
168,113,6,1,3.7
169,113,5,1,3.5
170,114,1,1,2.5
171,115,3,1,3.2
172,116,11,2,2.6
173,117,7,2,3.3
174,117,7,1,3.3
175,118,23,1,4.1
176,118,7,1,3.3
177,118,18,1,3.8
178,119,1,1,2.5
179,119,7,1,3.3
180,120,6,1,3.7
181,120,6,1,3.7
182,121,12,1,2.7
183,122,7,1,3.3
184,123,11,1,2.6
185,124,19,1,3.8
186,124,6,2,3.7
187,124,7,1,3.3
188,125,5,1,3.5
189,125,6,1,3.7
190,126,7,1,3.3
191,127,7,1,3.3
192,128,3,1,3.2
193,129,20,1,3.9
194,130,22,2,4.0
195,130,19,1,3.8
196,131,8,1,3.1
197,132,21,1,3.2
198,132,6,1,3.7
199,132,4,1,3.4
200,133,19,2,3.8
201,133,1,1,2.5
202,134,5,1,3.5
203,135,21,1,3.2
204,136,1,1,2.5
205,136,14,1,2.9
206,137,7,1,3.3
207,138,7,1,3.3
208,139,13,1,2.8
209,139,16,1,2.8
210,140,14,1,2.9
211,140,15,1,4.5
212,141,4,2,3.4
213,142,3,1,3.2
214,142,7,1,3.3
215,143,6,1,3.7
216,143,4,1,3.4
217,144,16,1,2.8
218,145,21,1,3.2
219,145,9,1,2.6
220,145,8,1,3.1
221,146,2,1,2.8
222,146,5,1,3.5
223,147,19,1,3.8
224,147,3,1,3.2
225,148,13,1,2.8
226,149,7,1,3.3
227,149,16,1,2.8
228,150,6,1,3.7
229,150,22,1,4.0
230,151,12,1,2.7
231,151,21,1,3.2
232,152,3,1,3.2
233,152,8,1,3.1
234,153,5,1,3.5
235,153,11,1,2.6
236,153,15,1,4.5
237,154,5,1,3.5
238,155,8,1,3.1
239,156,15,1,4.5
240,156,17,1,4.2
241,157,21,2,3.2
242,157,16,1,2.8
243,157,1,1,2.5
244,158,7,2,3.3
245,159,3,1,3.2
246,159,15,1,4.5
247,160,19,1,3.8
248,161,15,1,4.5
249,162,3,1,3.2
250,162,4,1,3.4
251,162,14,1,2.9
252,163,8,1,3.1
253,164,21,1,3.2
254,165,12,2,2.7
255,166,19,1,3.8
256,167,7,1,3.3
257,167,4,2,3.4
258,168,5,1,3.5
259,168,18,1,3.8
260,169,23,1,4.1
261,169,22,1,4.0
262,170,22,1,4.0
263,171,8,1,3.1
264,172,8,1,3.1
265,173,4,1,3.4
266,174,1,1,2.5
267,175,19,1,3.8
268,176,8,1,3.1
269,176,1,1,2.5
270,177,23,1,4.1
271,178,14,1,2.9
272,179,3,1,3.2
273,180,7,1,3.3
274,181,7,1,3.3
275,181,2,1,2.8
276,182,18,1,3.8
277,183,20,1,3.9
278,184,2,2,2.8
279,185,3,1,3.2
280,186,17,1,4.2
281,187,4,1,3.4
282,188,16,1,2.8
283,189,14,1,2.9
284,189,1,1,2.5
285,190,4,1,3.4
286,190,15,1,4.5
287,191,5,2,3.5
288,192,14,1,2.9
289,193,7,1,3.3
290,194,7,1,3.3
291,194,1,1,2.5
292,194,3,1,3.2
293,195,19,1,3.8
294,195,8,2,3.1
295,195,5,1,3.5
296,196,23,1,4.1
297,197,8,1,3.1
298,198,6,2,3.7
299,198,7,1,3.3
300,199,5,1,3.5
301,200,15,1,4.5
302,200,1,2,2.5
303,201,19,1,3.8
304,201,4,1,3.4
305,202,5,1,3.5
306,203,11,2,2.6
307,203,2,1,2.8
308,204,22,1,4.0
309,204,4,1,3.4
310,205,23,1,4.1
311,206,17,1,4.2
312,206,1,1,2.5
313,207,4,1,3.4
314,208,17,1,4.2
315,209,20,1,3.9
316,210,12,1,2.7
317,211,23,1,4.1
318,212,18,1,3.8
319,213,13,1,2.8
320,214,20,1,3.9
321,214,5,2,3.5
322,215,13,1,2.8
323,215,7,1,3.3
324,216,22,1,4.0
325,217,20,1,3.9
326,218,8,1,3.1
327,219,3,1,3.2
328,219,2,1,2.8
329,220,5,2,3.5
330,220,6,1,3.7
331,220,5,1,3.5
332,221,14,1,2.9
333,221,21,1,3.2
334,222,2,1,2.8
335,222,2,1,2.8
336,223,20,2,3.9
337,223,3,1,3.2
338,223,2,1,2.8
339,224,16,1,2.8
340,224,2,1,2.8
341,225,2,1,2.8
342,226,2,2,2.8
343,226,21,1,3.2
344,227,22,1,4.0
345,227,5,1,3.5
346,228,5,1,3.5
347,229,3,1,3.2
348,229,12,1,2.7
349,230,16,2,2.8
350,230,5,1,3.5
351,231,20,1,3.9
352,232,17,2,4.2
353,233,23,2,4.1
354,233,10,1,2.6
355,233,16,1,2.8
356,234,9,1,2.6
357,235,6,1,3.7
358,235,23,2,4.1
359,236,18,1,3.8
360,237,1,2,2.5
361,238,21,1,3.2
362,238,8,1,3.1
363,239,6,2,3.7
364,239,1,1,2.5
365,239,8,2,3.1
366,240,4,1,3.4
367,241,4,1,3.4
368,242,7,1,3.3
369,243,3,1,3.2
370,243,6,1,3.7
371,244,19,1,3.8
372,244,3,1,3.2
373,245,14,1,2.9
374,246,10,1,2.6
375,247,16,2,2.8
376,247,4,2,3.4
377,248,1,1,2.5
378,249,2,1,2.8
379,249,2,1,2.8
380,250,10,1,2.6
381,250,6,1,3.7
382,251,15,2,4.5
383,251,20,1,3.9
384,252,15,1,4.5
385,253,19,1,3.8
386,254,15,1,4.5
387,255,17,1,4.2
388,256,4,1,3.4
389,257,15,1,4.5
390,258,21,1,3.2
391,259,17,1,4.2
392,260,3,1,3.2
393,260,16,1,2.8
394,260,12,1,2.7
395,261,1,1,2.5
396,262,12,1,2.7
397,263,17,1,4.2
398,263,17,1,4.2
399,263,6,1,3.7
400,264,3,1,3.2
401,265,4,2,3.4
402,266,1,1,2.5
403,266,3,1,3.2
404,267,10,1,2.6
405,268,6,1,3.7
406,269,23,1,4.1
407,269,4,1,3.4
408,270,14,1,2.9
409,270,21,1,3.2
410,271,8,1,3.1
411,272,7,1,3.3
412,272,1,1,2.5
413,273,13,2,2.8
414,273,1,1,2.5
415,274,14,1,2.9
416,274,14,1,2.9
417,275,9,1,2.6
418,275,22,1,4.0
419,276,18,1,3.8
420,277,2,1,2.8
421,277,22,1,4.0
422,278,5,1,3.5
423,279,12,1,2.7
424,279,7,2,3.3
425,280,8,1,3.1
426,280,7,2,3.3
427,280,1,2,2.5
428,281,6,1,3.7
429,281,15,1,4.5
430,281,3,1,3.2
431,282,6,1,3.7
432,283,16,2,2.8
433,283,10,1,2.6
434,284,4,1,3.4
435,285,6,2,3.7
436,285,8,1,3.1
437,286,4,1,3.4
438,286,4,1,3.4
439,287,5,1,3.5
440,287,23,1,4.1
441,288,5,1,3.5
442,288,4,1,3.4
443,289,16,2,2.8
444,289,8,1,3.1
445,290,8,1,3.1
446,290,5,1,3.5
447,290,5,1,3.5
448,291,7,1,3.3
449,291,6,1,3.7
450,291,6,1,3.7
451,292,19,1,3.8
452,293,19,1,3.8
453,293,14,1,2.9
454,294,19,1,3.8
455,295,1,1,2.5
456,296,7,2,3.3
457,296,6,1,3.7
458,296,6,1,3.7
459,297,17,2,4.2
460,298,10,2,2.6
461,299,16,1,2.8
462,299,2,1,2.8
463,300,9,1,2.6
464,300,22,1,4.0
465,301,1,1,2.5
466,301,18,1,3.8
467,302,7,1,3.3
468,302,15,2,4.5
469,303,14,1,2.9
470,304,2,1,2.8
471,304,17,1,4.2
472,305,8,1,3.1
473,306,2,1,2.8
474,307,18,1,3.8
475,307,18,1,3.8
476,307,20,1,3.9
477,308,22,1,4.0
478,308,16,1,2.8
479,309,18,1,3.8
480,310,6,2,3.7
481,310,3,1,3.2
482,311,5,1,3.5
483,311,4,1,3.4
484,312,13,1,2.8
485,312,14,1,2.9
486,313,5,1,3.5
487,313,14,1,2.9
488,313,5,2,3.5
489,314,4,1,3.4
490,314,4,1,3.4
491,315,16,1,2.8
492,315,17,1,4.2
493,316,4,2,3.4
494,317,7,1,3.3
495,318,20,1,3.9
496,319,20,1,3.9
497,320,19,1,3.8
498,320,17,1,4.2
499,321,7,2,3.3
500,321,8,1,3.1
501,322,6,1,3.7
502,322,4,1,3.4
503,323,4,2,3.4
504,324,8,1,3.1
505,324,3,1,3.2
506,325,5,1,3.5
507,326,23,1,4.1
508,327,13,2,2.8
509,328,8,1,3.1
510,329,2,1,2.8
511,329,23,1,4.1
512,330,4,1,3.4
513,331,21,1,3.2
514,332,6,1,3.7
515,333,22,2,4.0
516,334,8,1,3.1
517,335,7,1,3.3
518,335,12,2,2.7
519,336,20,1,3.9
520,336,20,1,3.9
521,337,6,1,3.7
522,338,1,1,2.5
523,338,18,1,3.8
524,338,4,1,3.4
525,339,16,1,2.8
526,340,23,1,4.1
527,341,6,1,3.7
528,342,2,1,2.8
529,343,9,1,2.6
530,344,10,1,2.6
531,345,1,1,2.5
532,345,5,1,3.5
533,346,19,2,3.8
534,347,4,1,3.4
535,347,18,2,3.8
536,348,10,1,2.6
537,349,2,1,2.8
538,349,8,1,3.1
539,350,23,1,4.1
540,350,6,1,3.7
541,351,12,1,2.7
542,352,1,1,2.5
543,353,22,1,4.0
544,354,14,1,2.9
545,354,3,2,3.2
546,355,9,1,2.6
547,355,7,1,3.3
548,356,7,1,3.3
549,357,8,1,3.1
550,357,8,1,3.1
551,358,1,1,2.5
552,359,17,1,4.2
553,359,19,2,3.8
554,359,4,1,3.4
555,360,21,1,3.2
556,360,10,1,2.6
557,360,3,1,3.2
558,361,4,1,3.4
559,361,1,1,2.5
560,361,21,1,3.2
561,362,2,1,2.8
562,363,3,1,3.2
563,363,2,1,2.8
564,364,8,1,3.1
565,364,8,1,3.1
566,365,6,1,3.7
567,366,9,1,2.6
568,367,7,1,3.3
569,367,8,1,3.1
570,368,23,1,4.1
571,368,6,1,3.7
572,368,23,1,4.1
573,369,8,1,3.1
574,370,8,1,3.1
575,371,17,1,4.2
576,372,2,1,2.8
577,373,16,1,2.8
578,374,17,1,4.2
579,374,8,1,3.1
580,375,22,1,4.0
581,376,18,1,3.8
582,376,3,1,3.2
583,376,18,1,3.8
584,377,18,1,3.8
585,378,4,2,3.4
586,378,7,2,3.3
587,378,15,1,4.5
588,379,10,1,2.6
589,379,10,1,2.6
590,379,1,1,2.5
591,380,19,1,3.8
592,381,12,1,2.7
593,382,3,1,3.2
594,383,3,1,3.2
595,383,2,1,2.8
596,384,15,1,4.5
597,385,7,1,3.3
598,386,14,1,2.9
599,386,6,1,3.7
600,386,17,1,4.2
601,387,11,1,2.6
602,388,2,1,2.8
603,389,19,1,3.8
604,389,18,1,3.8
605,390,17,1,4.2
606,391,2,1,2.8
607,391,14,1,2.9
608,391,2,1,2.8
609,392,1,1,2.5
610,392,4,1,3.4
611,393,17,1,4.2
612,394,9,1,2.6
613,394,8,2,3.1
614,395,11,2,2.6
615,395,1,1,2.5
616,395,21,1,3.2
617,396,8,1,3.1
618,397,2,1,2.8
619,397,23,1,4.1
620,397,12,1,2.7
621,398,1,1,2.5
622,399,15,1,4.5
623,399,14,1,2.9
624,400,6,1,3.7
625,401,5,1,3.5
626,402,13,1,2.8
627,402,4,1,3.4
628,403,4,1,3.4
629,403,2,1,2.8
630,404,19,1,3.8
631,405,4,1,3.4
632,405,16,2,2.8
633,405,16,1,2.8
634,406,16,1,2.8
635,407,12,1,2.7
636,408,1,1,2.5
637,409,7,1,3.3
638,409,7,1,3.3
639,410,13,1,2.8
640,411,19,1,3.8
641,412,19,2,3.8
642,413,21,2,3.2
643,414,8,1,3.1
644,414,3,1,3.2
645,414,3,1,3.2
646,415,2,1,2.8
647,415,22,1,4.0
648,416,2,2,2.8
649,417,1,1,2.5
650,418,19,1,3.8
651,419,12,2,2.7
652,420,8,1,3.1
653,420,8,1,3.1
654,421,2,1,2.8
655,421,5,1,3.5
656,422,8,1,3.1
657,422,1,1,2.5
658,423,20,1,3.9
659,424,7,1,3.3
660,424,8,1,3.1
661,425,3,1,3.2
662,426,4,1,3.4
663,426,13,1,2.8
664,426,7,1,3.3
665,427,5,1,3.5
666,428,11,2,2.6
667,428,4,1,3.4
668,429,20,1,3.9
669,429,16,1,2.8
670,430,17,1,4.2
671,431,11,1,2.6
672,432,3,1,3.2
673,433,19,1,3.8
674,434,22,1,4.0
675,434,14,1,2.9
676,435,17,1,4.2
677,436,17,1,4.2
678,436,9,2,2.6
679,436,2,1,2.8
680,437,12,2,2.7
681,438,7,1,3.3
682,439,3,1,3.2
683,440,18,1,3.8
684,440,7,1,3.3
685,441,5,1,3.5
686,441,5,1,3.5
687,442,1,1,2.5
688,443,3,1,3.2
689,444,12,1,2.7
690,444,8,1,3.1
691,445,3,1,3.2
692,446,6,2,3.7
693,446,4,1,3.4
694,447,4,1,3.4
695,448,23,1,4.1
696,448,5,2,3.5
697,449,7,1,3.3
698,449,2,1,2.8
699,450,8,1,3.1
700,450,9,1,2.6
701,450,2,1,2.8
702,451,14,1,2.9
703,452,7,1,3.3
704,453,6,1,3.7
705,454,20,1,3.9
706,455,17,1,4.2
707,456,17,1,4.2
708,456,3,1,3.2
709,457,7,1,3.3
710,458,20,1,3.9
711,459,1,1,2.5
712,459,7,1,3.3
713,460,15,1,4.5
714,461,20,1,3.9
715,462,2,1,2.8
716,463,19,1,3.8
717,464,12,1,2.7
718,465,2,1,2.8
719,466,3,1,3.2
720,466,11,1,2.6
721,466,18,1,3.8
722,467,6,1,3.7
723,468,14,1,2.9
724,469,14,2,2.9
725,470,12,1,2.7
726,470,17,1,4.2
727,471,5,1,3.5
728,472,7,1,3.3
729,472,2,1,2.8
730,472,8,1,3.1
731,473,18,2,3.8
732,473,1,1,2.5
733,473,2,1,2.8
734,474,15,1,4.5
735,474,21,1,3.2
736,475,22,1,4.0
737,475,6,2,3.7
738,476,4,1,3.4
739,477,2,1,2.8
740,478,1,1,2.5
741,478,2,2,2.8
742,479,3,1,3.2
743,479,5,1,3.5
744,480,3,1,3.2
745,481,6,1,3.7
746,481,6,1,3.7
747,482,15,1,4.5
748,482,22,1,4.0
749,483,6,1,3.7
750,483,5,1,3.5
751,484,4,1,3.4
752,485,13,1,2.8
753,486,2,1,2.8
754,487,14,1,2.9
755,487,1,2,2.5
756,488,1,1,2.5
757,489,8,1,3.1
758,490,19,1,3.8
759,490,6,1,3.7
760,491,18,1,3.8
761,492,1,1,2.5
762,492,20,1,3.9
763,492,3,1,3.2
764,493,12,1,2.7
765,493,23,1,4.1
766,494,22,2,4.0
767,495,22,1,4.0
768,495,18,1,3.8
769,496,8,1,3.1
770,496,3,1,3.2
771,497,19,1,3.8
772,497,5,1,3.5
773,498,13,1,2.8
774,499,10,1,2.6
775,500,18,1,3.8
776,500,2,2,2.8
777,501,1,1,2.5
778,502,7,1,3.3
779,503,10,1,2.6
780,503,10,1,2.6
781,504,6,1,3.7
782,505,6,1,3.7
783,505,6,1,3.7
784,506,2,2,2.8
785,506,4,1,3.4
786,507,5,1,3.5
787,507,4,1,3.4
788,508,12,2,2.7
789,509,4,1,3.4
790,510,8,1,3.1
791,510,18,1,3.8
792,511,11,1,2.6
793,512,5,1,3.5
794,513,5,1,3.5
795,513,23,2,4.1
796,514,21,1,3.2
797,515,19,1,3.8
798,515,8,1,3.1
799,515,16,1,2.8
800,516,10,1,2.6
801,517,4,2,3.4
802,518,16,2,2.8
803,518,2,2,2.8
804,519,20,1,3.9
805,519,22,1,4.0
806,520,3,1,3.2
807,520,7,1,3.3
808,521,15,2,4.5
809,521,4,1,3.4
810,522,3,1,3.2
811,523,5,1,3.5
812,523,1,2,2.5
813,524,4,2,3.4
814,525,13,1,2.8
815,526,1,2,2.5
816,526,2,1,2.8
817,527,22,1,4.0
818,527,16,1,2.8
819,528,22,1,4.0
820,528,6,1,3.7
821,529,10,1,2.6
822,530,13,2,2.8
823,531,13,1,2.8
824,532,13,1,2.8
825,533,2,1,2.8
826,533,6,1,3.7
827,534,22,1,4.0
828,535,6,1,3.7
829,536,9,1,2.6
830,536,7,1,3.3
831,537,2,1,2.8
832,538,19,1,3.8
833,539,19,1,3.8
834,539,22,2,4.0
835,540,13,1,2.8
836,541,2,1,2.8
837,541,18,1,3.8
838,541,15,2,4.5
839,542,2,1,2.8
840,543,4,1,3.4
841,544,21,2,3.2
842,544,1,1,2.5
843,545,22,2,4.0
844,545,19,1,3.8
845,545,17,1,4.2
846,546,5,1,3.5
847,547,6,1,3.7
848,547,21,1,3.2
849,548,11,1,2.6
850,549,19,1,3.8
851,549,22,1,4.0
852,550,8,1,3.1
853,551,8,1,3.1
854,551,7,1,3.3
855,552,8,1,3.1
856,553,12,1,2.7
857,554,5,1,3.5
858,554,8,1,3.1
859,554,5,1,3.5
860,555,4,1,3.4
861,555,3,1,3.2
862,556,4,1,3.4
863,557,6,1,3.7
864,558,9,2,2.6
865,559,17,1,4.2
866,560,8,1,3.1
867,561,20,1,3.9
868,562,9,1,2.6
869,562,22,2,4.0
870,562,10,1,2.6
871,563,8,2,3.1
872,564,4,1,3.4
873,564,17,1,4.2
874,565,19,2,3.8
875,566,23,1,4.1
876,567,6,1,3.7
877,568,2,1,2.8
878,569,21,1,3.2
879,570,8,1,3.1
880,570,3,1,3.2
881,570,17,1,4.2
882,571,21,1,3.2
883,571,20,1,3.9
884,571,21,2,3.2
885,572,13,1,2.8
886,572,16,1,2.8
887,572,14,1,2.9
888,573,8,2,3.1
889,574,3,1,3.2
890,574,17,1,4.2
891,575,17,1,4.2
892,576,16,1,2.8
893,576,16,1,2.8
894,577,3,1,3.2
895,577,8,1,3.1
896,578,10,1,2.6
897,578,14,1,2.9
898,579,7,1,3.3
899,580,4,1,3.4
900,580,14,1,2.9
901,581,8,1,3.1
902,582,23,1,4.1
903,583,1,1,2.5
904,584,19,1,3.8
905,585,8,1,3.1
906,585,20,2,3.9
907,586,1,1,2.5
908,586,8,1,3.1
909,587,13,1,2.8
910,587,23,1,4.1
911,587,7,1,3.3
912,588,4,1,3.4
913,589,1,1,2.5
914,589,5,1,3.5
915,590,18,2,3.8
916,591,5,1,3.5
917,592,12,1,2.7
918,593,2,1,2.8
919,594,5,1,3.5
920,594,5,1,3.5
921,595,8,1,3.1
922,595,13,1,2.8
923,596,4,1,3.4
924,596,21,1,3.2
925,597,16,1,2.8
926,597,5,1,3.5
927,598,6,1,3.7
928,599,23,1,4.1
929,599,21,1,3.2
930,600,3,1,3.2
931,600,2,1,2.8
932,601,1,1,2.5
933,602,13,1,2.8
934,603,21,1,3.2
935,604,8,1,3.1
936,605,6,1,3.7
937,605,4,1,3.4
938,606,6,1,3.7
939,607,3,1,3.2
940,608,17,1,4.2
941,608,3,1,3.2
942,609,2,1,2.8
943,609,7,1,3.3
944,610,1,1,2.5
945,611,6,1,3.7
946,611,6,1,3.7
947,612,3,1,3.2
948,613,8,2,3.1
949,613,12,1,2.7
950,614,7,1,3.3
951,614,2,1,2.8
952,615,1,1,2.5
953,615,5,2,3.5
954,616,22,1,4.0
955,617,6,2,3.7
956,617,19,1,3.8
957,618,17,1,4.2
958,618,3,1,3.2
959,619,14,1,2.9
960,620,15,1,4.5
961,621,4,1,3.4
962,621,21,1,3.2
963,621,13,1,2.8
964,622,2,1,2.8
965,622,20,1,3.9
966,623,8,1,3.1
967,624,6,1,3.7
968,624,8,2,3.1
969,625,2,2,2.8
970,626,13,1,2.8
971,626,20,1,3.9
972,627,21,1,3.2
973,628,4,1,3.4
974,629,3,1,3.2
975,629,5,1,3.5
976,630,11,1,2.6
977,630,15,1,4.5
978,630,16,1,2.8
979,631,7,1,3.3
980,632,15,1,4.5
981,632,15,2,4.5
982,633,4,1,3.4
983,634,7,1,3.3
984,635,4,1,3.4
985,636,2,1,2.8
986,636,1,2,2.5
987,637,10,1,2.6
988,638,3,1,3.2
989,638,21,1,3.2
990,639,6,1,3.7
991,639,20,1,3.9
992,640,11,1,2.6
993,641,1,2,2.5
994,642,17,2,4.2
995,643,18,1,3.8
996,644,18,1,3.8
997,645,8,2,3.1
998,646,17,1,4.2
999,647,19,1,3.8
1000,647,20,1,3.9
1001,648,19,1,3.8
1002,648,5,1,3.5
1003,649,20,1,3.9
1004,650,12,1,2.7
1005,651,2,1,2.8
1006,652,13,1,2.8
1007,653,1,1,2.5
1008,653,11,1,2.6
1009,654,12,1,2.7
1010,655,7,1,3.3
1011,656,3,2,3.2
1012,656,2,2,2.8
1013,657,5,1,3.5
1014,658,18,1,3.8
1015,659,21,2,3.2
1016,660,19,1,3.8
1017,661,14,1,2.9
1018,661,9,1,2.6
1019,661,20,1,3.9
1020,662,11,1,2.6
1021,662,11,1,2.6
1022,663,17,1,4.2
1023,664,2,1,2.8
1024,664,22,1,4.0
1025,665,8,2,3.1
1026,666,6,1,3.7
1027,667,3,1,3.2
1028,667,7,1,3.3
1029,667,22,1,4.0
1030,668,2,1,2.8
1031,669,8,1,3.1
1032,670,6,1,3.7
1033,671,21,1,3.2
1034,672,5,2,3.5
1035,672,21,2,3.2
1036,673,6,1,3.7
1037,673,18,1,3.8
1038,674,17,2,4.2
1039,674,2,1,2.8
1040,675,4,1,3.4
1041,676,8,1,3.1
1042,676,16,1,2.8
1043,677,2,1,2.8
1044,677,16,1,2.8
1045,678,5,1,3.5
1046,679,15,1,4.5
1047,679,4,1,3.4
1048,680,8,1,3.1
1049,681,17,1,4.2
1050,681,1,1,2.5
1051,682,1,1,2.5
1052,683,23,1,4.1
1053,683,2,2,2.8
1054,684,1,1,2.5
1055,685,9,1,2.6
1056,685,2,2,2.8
1057,686,13,1,2.8
1058,687,15,2,4.5
1059,687,4,1,3.4
1060,688,20,2,3.9
1061,688,21,1,3.2
1062,689,21,1,3.2
1063,689,3,1,3.2
1064,690,9,1,2.6
1065,691,14,1,2.9
1066,691,7,2,3.3
1067,692,3,1,3.2
1068,693,17,1,4.2
1069,693,2,1,2.8
1070,693,14,1,2.9
1071,694,22,1,4.0
1072,695,8,2,3.1
1073,695,4,1,3.4
1074,696,8,1,3.1
1075,696,1,1,2.5
1076,697,2,1,2.8
1077,697,7,1,3.3
1078,698,13,2,2.8
1079,699,22,2,4.0
1080,699,17,1,4.2
1081,700,15,2,4.5
1082,700,7,1,3.3
1083,700,7,1,3.3
1084,701,5,2,3.5
1085,701,9,2,2.6
1086,702,15,1,4.5
1087,702,8,2,3.1
1088,703,20,1,3.9
1089,703,16,2,2.8
1090,704,16,2,2.8
1091,705,5,1,3.5
1092,705,20,1,3.9
1093,706,23,1,4.1
1094,707,1,1,2.5
1095,708,5,1,3.5
1096,708,4,1,3.4
1097,709,8,1,3.1
1098,710,5,1,3.5
1099,711,4,1,3.4
1100,711,16,1,2.8
1101,712,19,2,3.8
1102,713,5,1,3.5
1103,714,8,1,3.1
1104,714,16,1,2.8
1105,715,14,2,2.9
1106,716,6,1,3.7
1107,716,1,2,2.5
1108,717,6,2,3.7
1109,717,18,1,3.8
1110,718,5,1,3.5
1111,718,16,1,2.8
1112,719,13,1,2.8
1113,720,1,1,2.5
1114,720,17,1,4.2
1115,721,20,1,3.9
1116,721,6,1,3.7
1117,721,7,1,3.3
1118,722,4,1,3.4
1119,723,6,2,3.7
1120,724,5,1,3.5
1121,725,4,1,3.4
1122,726,7,1,3.3
1123,726,7,1,3.3
1124,726,18,1,3.8
1125,727,9,2,2.6
1126,728,6,1,3.7
1127,729,7,1,3.3
1128,729,23,1,4.1
1129,730,7,1,3.3
1130,731,2,1,2.8
1131,732,14,1,2.9
1132,733,13,1,2.8
1133,734,2,1,2.8
1134,734,7,1,3.3
1135,735,11,2,2.6
1136,736,9,1,2.6
1137,737,7,1,3.3
1138,738,4,1,3.4
1139,739,8,1,3.1
1140,739,17,1,4.2
1141,739,7,1,3.3
1142,740,7,1,3.3
1143,740,17,2,4.2
1144,741,20,1,3.9
1145,742,17,1,4.2
1146,743,6,1,3.7
1147,744,5,1,3.5
1148,745,20,1,3.9
1149,746,23,1,4.1
1150,747,4,1,3.4
1151,748,8,1,3.1
1152,749,21,1,3.2
1153,750,6,1,3.7
1154,750,1,1,2.5
1155,751,16,2,2.8
1156,751,7,1,3.3
1157,752,10,1,2.6
1158,752,4,1,3.4
1159,753,3,1,3.2
1160,753,4,1,3.4
1161,754,19,1,3.8
1162,755,1,1,2.5
1163,755,2,1,2.8
1164,755,18,1,3.8
1165,756,4,1,3.4
1166,756,2,1,2.8
1167,757,2,1,2.8
1168,758,14,1,2.9
1169,759,7,2,3.3
1170,760,3,1,3.2
1171,760,6,1,3.7
1172,761,8,1,3.1
1173,761,4,1,3.4
1174,762,17,1,4.2
1175,763,4,1,3.4
1176,763,3,1,3.2
1177,763,21,1,3.2
1178,764,14,1,2.9
1179,765,16,1,2.8
1180,765,16,1,2.8
1181,766,17,1,4.2
1182,766,3,1,3.2
1183,767,18,1,3.8
1184,768,4,2,3.4
1185,768,21,1,3.2
1186,769,8,1,3.1
1187,770,19,1,3.8
1188,771,8,1,3.1
1189,771,21,1,3.2
1190,771,2,1,2.8
1191,772,21,1,3.2
1192,772,16,1,2.8
1193,772,18,1,3.8
1194,773,7,1,3.3
1195,773,3,1,3.2
1196,774,18,1,3.8
1197,775,15,1,4.5
1198,776,8,1,3.1
1199,777,18,1,3.8
1200,777,7,1,3.3
1201,778,5,1,3.5
1202,778,3,1,3.2
1203,778,7,2,3.3
1204,779,22,1,4.0
1205,780,1,1,2.5
1206,781,15,2,4.5
1207,782,19,1,3.8
1208,782,13,1,2.8
1209,782,15,1,4.5
1210,783,4,1,3.4
1211,784,1,1,2.5
1212,785,1,1,2.5
1213,786,7,1,3.3
1214,786,22,1,4.0
1215,787,18,1,3.8
1216,788,3,1,3.2
1217,789,17,2,4.2
1218,790,18,1,3.8
1219,791,15,1,4.5
1220,792,17,2,4.2
1221,793,23,2,4.1
1222,793,1,1,2.5
1223,794,19,1,3.8
1224,795,1,1,2.5
1225,796,2,1,2.8
1226,797,19,1,3.8
1227,797,11,1,2.6
1228,798,5,1,3.5
1229,799,11,1,2.6
1230,800,11,2,2.6
1231,801,18,1,3.8
1232,801,8,1,3.1
1233,802,16,1,2.8
1234,803,13,1,2.8
1235,803,5,1,3.5
1236,804,3,1,3.2
1237,805,6,1,3.7
1238,806,16,2,2.8
1239,807,7,1,3.3
1240,808,1,1,2.5
1241,809,5,1,3.5
1242,810,20,1,3.9
1243,810,2,1,2.8
1244,811,6,1,3.7
1245,812,7,2,3.3
1246,813,2,1,2.8
1247,813,23,1,4.1
1248,814,21,1,3.2
1249,815,2,2,2.8
1250,816,18,2,3.8
1251,817,3,1,3.2
1252,817,3,1,3.2
1253,818,3,1,3.2
1254,819,6,2,3.7
1255,820,8,1,3.1
1256,821,20,1,3.9
1257,821,3,1,3.2
1258,822,4,1,3.4
1259,823,16,1,2.8
1260,824,19,1,3.8
1261,825,3,1,3.2
1262,826,16,1,2.8
1263,826,7,1,3.3
1264,827,16,1,2.8
1265,827,4,1,3.4
1266,828,15,2,4.5
1267,829,21,1,3.2
1268,829,13,2,2.8
1269,829,17,1,4.2
1270,830,21,2,3.2
1271,831,9,1,2.6
1272,832,17,1,4.2
1273,832,1,1,2.5
1274,833,2,2,2.8
1275,833,21,2,3.2
1276,834,23,2,4.1
1277,835,9,2,2.6
1278,835,1,1,2.5
1279,836,4,1,3.4
1280,836,17,1,4.2
1281,836,22,1,4.0
1282,837,17,1,4.2
1283,837,15,1,4.5
1284,838,3,1,3.2
1285,838,10,1,2.6
1286,839,4,1,3.4
1287,839,22,1,4.0
1288,840,23,1,4.1
1289,841,5,1,3.5
1290,842,22,1,4.0
1291,842,7,1,3.3
1292,843,16,2,2.8
1293,844,2,1,2.8
1294,845,20,1,3.9
1295,846,4,1,3.4
1296,847,1,1,2.5
1297,847,7,1,3.3
1298,848,23,1,4.1
1299,848,22,1,4.0
1300,848,6,1,3.7
1301,849,4,1,3.4
1302,850,7,1,3.3
1303,851,5,1,3.5
1304,852,3,1,3.2
1305,853,16,1,2.8
1306,854,4,1,3.4
1307,855,13,1,2.8
1308,856,23,1,4.1
1309,857,7,1,3.3
1310,858,17,1,4.2
1311,858,20,1,3.9
1312,859,5,1,3.5
1313,860,18,1,3.8
1314,861,22,1,4.0
1315,861,6,1,3.7
1316,862,5,2,3.5
1317,863,4,1,3.4
1318,864,4,1,3.4
1319,865,21,1,3.2
1320,866,14,1,2.9
1321,867,4,1,3.4
1322,868,2,2,2.8
1323,868,8,2,3.1
1324,869,20,1,3.9
1325,870,2,2,2.8
1326,871,8,1,3.1
1327,872,14,1,2.9
1328,872,4,1,3.4
1329,872,20,1,3.9
1330,873,17,1,4.2
1331,873,10,1,2.6
1332,874,15,1,4.5
1333,874,15,1,4.5
1334,875,17,1,4.2
1335,876,5,1,3.5
1336,876,8,1,3.1
1337,877,23,1,4.1
1338,878,22,1,4.0
1339,878,2,2,2.8
1340,878,21,1,3.2
1341,879,1,1,2.5
1342,880,5,2,3.5
1343,880,8,1,3.1
1344,880,7,1,3.3
1345,881,17,1,4.2
1346,881,22,1,4.0
1347,882,2,1,2.8
1348,883,11,1,2.6
1349,883,16,1,2.8
1350,883,22,1,4.0
1351,884,3,2,3.2
1352,885,8,1,3.1
1353,886,3,1,3.2
1354,887,5,1,3.5
1355,887,10,1,2.6
1356,887,2,1,2.8
1357,888,4,1,3.4
1358,889,14,2,2.9
1359,890,2,1,2.8
1360,890,7,1,3.3
1361,891,14,2,2.9
1362,891,7,1,3.3
1363,892,15,1,4.5
1364,893,6,2,3.7
1365,894,23,2,4.1
1366,895,7,1,3.3
1367,895,4,1,3.4
1368,896,3,1,3.2
1369,897,4,1,3.4
1370,898,7,1,3.3
1371,898,16,2,2.8
1372,898,23,1,4.1
1373,899,18,2,3.8
1374,900,5,1,3.5
1375,900,19,1,3.8
1376,901,14,2,2.9
1377,902,6,1,3.7
1378,902,21,1,3.2
1379,903,22,1,4.0
1380,904,15,1,4.5
1381,905,23,2,4.1
1382,905,17,1,4.2
1383,906,9,2,2.6
1384,907,7,2,3.3
1385,907,18,1,3.8
1386,907,9,1,2.6
1387,908,10,1,2.6
1388,909,1,1,2.5
1389,909,1,2,2.5
1390,910,16,1,2.8
1391,910,20,1,3.9
1392,911,2,1,2.8
1393,912,17,1,4.2
1394,912,12,2,2.7
1395,913,12,1,2.7
1396,914,1,1,2.5
1397,914,13,2,2.8
1398,915,6,1,3.7
1399,916,12,1,2.7
1400,916,8,1,3.1
1401,917,20,2,3.9
1402,918,20,2,3.9
1403,919,6,1,3.7
1404,919,15,1,4.5
1405,920,20,1,3.9
1406,921,23,1,4.1
1407,921,23,1,4.1
1408,922,2,1,2.8
1409,922,6,2,3.7
1410,923,8,1,3.1
1411,923,1,2,2.5
1412,924,22,1,4.0
1413,924,23,2,4.1
1414,925,16,1,2.8
1415,926,2,2,2.8
1416,926,9,1,2.6
1417,926,15,1,4.5
1418,927,18,1,3.8
1419,927,21,1,3.2
1420,928,6,1,3.7
1421,928,16,1,2.8
1422,929,15,1,4.5
1423,930,1,2,2.5
1424,931,16,2,2.8
1425,932,6,1,3.7
1426,932,8,1,3.1
1427,932,3,1,3.2
1428,933,1,1,2.5
1429,934,10,1,2.6
1430,934,7,1,3.3
1431,935,11,1,2.6
1432,936,21,1,3.2
1433,936,2,1,2.8
1434,937,3,1,3.2
1435,937,4,1,3.4
1436,938,1,1,2.5
1437,939,2,1,2.8
1438,939,2,2,2.8
1439,940,8,1,3.1
1440,941,3,1,3.2
1441,942,8,1,3.1
1442,942,15,1,4.5
1443,943,6,2,3.7
1444,943,1,1,2.5
1445,944,16,2,2.8
1446,945,11,1,2.6
1447,945,1,1,2.5
1448,946,5,1,3.5
1449,947,2,1,2.8
1450,948,4,1,3.4
1451,948,7,1,3.3
1452,949,17,1,4.2
1453,950,2,1,2.8
1454,951,17,1,4.2
1455,952,12,1,2.7
1456,952,22,1,4.0
1457,953,8,1,3.1
1458,954,1,1,2.5
1459,955,4,1,3.4
1460,955,20,1,3.9
1461,956,2,1,2.8
1462,956,6,2,3.7
1463,957,6,1,3.7
1464,957,11,1,2.6
1465,958,18,1,3.8
1466,959,23,2,4.1
1467,960,16,1,2.8
1468,960,3,1,3.2
1469,961,2,1,2.8
1470,961,1,1,2.5
1471,962,18,1,3.8
1472,962,7,1,3.3
1473,963,10,1,2.6
1474,963,14,1,2.9
1475,964,1,1,2.5
1476,965,1,1,2.5
1477,966,17,1,4.2
1478,967,13,1,2.8
1479,967,1,1,2.5
1480,968,6,2,3.7
1481,969,11,1,2.6
1482,969,7,1,3.3
1483,970,7,2,3.3
1484,971,4,1,3.4
1485,972,3,1,3.2
1486,972,6,1,3.7
1487,973,14,1,2.9
1488,974,17,2,4.2
1489,974,2,1,2.8
1490,974,4,1,3.4
1491,975,14,1,2.9
1492,976,16,2,2.8
1493,977,2,1,2.8
1494,978,22,1,4.0
1495,978,4,1,3.4
1496,979,8,2,3.1
1497,980,20,1,3.9
1498,980,3,1,3.2
1499,981,2,1,2.8
1500,981,14,1,2.9
1501,982,21,1,3.2
1502,982,21,1,3.2
1503,983,14,1,2.9
1504,984,20,1,3.9
1505,985,1,1,2.5
1506,985,6,1,3.7
1507,986,6,1,3.7
1508,987,5,2,3.5
1509,987,14,1,2.9
1510,988,3,1,3.2
1511,989,6,1,3.7
1512,990,11,1,2.6
1513,991,15,1,4.5
1514,992,7,1,3.3
1515,993,6,1,3.7
1516,994,3,1,3.2
1517,995,22,1,4.0
1518,996,6,1,3.7
1519,996,2,1,2.8
1520,997,10,1,2.6
1521,998,8,1,3.1
1522,999,8,1,3.1
1523,999,4,2,3.4
1524,1000,22,2,4.0
1525,1000,1,1,2.5
1526,1001,11,1,2.6
1527,1002,15,1,4.5
1528,1003,1,1,2.5
1529,1003,21,2,3.2
1530,1004,15,1,4.5
1531,1004,6,1,3.7
1532,1004,21,1,3.2
1533,1005,18,1,3.8
1534,1005,18,1,3.8
1535,1006,5,1,3.5
1536,1007,16,1,2.8
1537,1007,18,2,3.8
1538,1007,1,1,2.5
1539,1008,4,1,3.4
1540,1008,1,1,2.5
1541,1009,12,1,2.7
1542,1009,16,1,2.8
1543,1010,22,1,4.0
1544,1010,1,1,2.5
1545,1011,4,1,3.4
1546,1012,10,1,2.6
1547,1012,15,2,4.5
1548,1012,6,2,3.7
1549,1013,14,1,2.9
1550,1014,18,1,3.8
1551,1015,5,1,3.5
1552,1016,1,1,2.5
1553,1016,20,1,3.9
1554,1017,14,1,2.9
1555,1018,21,1,3.2
1556,1019,21,1,3.2
1557,1020,16,1,2.8
1558,1021,4,1,3.4
1559,1021,19,1,3.8
1560,1021,14,2,2.9
1561,1022,4,2,3.4
1562,1022,8,1,3.1
1563,1023,19,1,3.8
1564,1023,8,1,3.1
1565,1024,18,1,3.8
1566,1025,4,1,3.4
1567,1026,7,1,3.3
1568,1026,20,1,3.9
1569,1027,3,1,3.2
1570,1027,18,1,3.8
1571,1028,8,1,3.1
1572,1028,5,1,3.5
1573,1029,17,1,4.2
1574,1030,5,1,3.5
1575,1030,3,1,3.2
1576,1030,2,1,2.8
1577,1031,8,2,3.1
1578,1031,22,1,4.0
1579,1032,6,2,3.7
1580,1032,16,2,2.8
1581,1032,23,1,4.1
1582,1033,3,1,3.2
1583,1034,15,1,4.5
1584,1034,7,1,3.3
1585,1035,1,1,2.5
1586,1036,18,1,3.8
1587,1036,15,2,4.5
1588,1037,1,1,2.5
1589,1038,4,1,3.4
1590,1038,18,1,3.8
1591,1039,23,1,4.1
1592,1040,17,1,4.2
1593,1040,8,1,3.1
1594,1041,1,1,2.5
1595,1042,4,1,3.4
1596,1043,2,1,2.8
1597,1044,7,1,3.3
1598,1045,6,1,3.7
1599,1046,22,1,4.0
1600,1046,2,1,2.8
1601,1047,3,1,3.2
1602,1047,8,1,3.1
1603,1048,2,1,2.8
1604,1048,6,2,3.7
1605,1049,7,1,3.3
1606,1050,1,2,2.5
1607,1051,5,1,3.5
1608,1052,3,1,3.2
1609,1053,5,1,3.5
1610,1053,2,1,2.8
1611,1054,10,1,2.6
1612,1055,6,2,3.7
1613,1055,15,2,4.5
1614,1056,6,1,3.7
1615,1057,1,1,2.5
1616,1058,14,1,2.9
1617,1059,8,1,3.1
1618,1060,2,2,2.8
1619,1061,20,2,3.9
1620,1062,22,1,4.0
1621,1063,5,1,3.5
1622,1063,3,1,3.2
1623,1063,14,1,2.9
1624,1064,4,1,3.4
1625,1064,9,2,2.6
1626,1064,19,1,3.8
1627,1065,17,1,4.2
1628,1066,6,1,3.7
1629,1066,1,1,2.5
1630,1067,4,1,3.4
1631,1067,16,1,2.8
1632,1068,2,1,2.8
1633,1068,20,1,3.9
1634,1069,6,1,3.7
1635,1070,17,1,4.2
1636,1071,8,1,3.1
1637,1072,2,1,2.8
1638,1072,16,1,2.8
1639,1073,1,1,2.5
1640,1074,11,1,2.6
1641,1074,22,1,4.0
1642,1075,7,1,3.3
1643,1075,6,1,3.7
1644,1075,14,1,2.9
1645,1076,1,1,2.5
1646,1077,5,1,3.5
1647,1078,6,1,3.7
1648,1078,5,1,3.5
1649,1078,6,1,3.7
1650,1079,18,1,3.8
1651,1080,7,1,3.3
1652,1080,7,1,3.3
1653,1081,6,1,3.7
1654,1081,19,1,3.8
1655,1082,15,1,4.5
1656,1082,19,1,3.8
1657,1082,20,1,3.9
1658,1083,4,1,3.4
1659,1084,1,1,2.5
1660,1084,16,2,2.8
1661,1085,8,1,3.1
1662,1085,4,1,3.4
1663,1086,14,1,2.9
1664,1087,14,1,2.9
1665,1088,10,1,2.6
1666,1089,4,2,3.4
1667,1090,20,1,3.9
1668,1091,15,2,4.5
1669,1092,14,1,2.9
1670,1092,8,1,3.1
1671,1092,2,1,2.8
1672,1093,4,1,3.4
1673,1094,5,1,3.5
1674,1094,7,1,3.3
1675,1095,12,1,2.7
1676,1095,20,1,3.9
1677,1096,2,1,2.8
1678,1097,7,1,3.3
1679,1097,1,2,2.5
1680,1097,13,1,2.8
1681,1098,4,1,3.4
1682,1098,18,2,3.8
1683,1099,7,1,3.3
1684,1100,5,1,3.5
1685,1100,3,1,3.2
1686,1100,14,1,2.9
1687,1101,3,1,3.2
1688,1101,5,2,3.5
1689,1102,16,1,2.8
1690,1103,22,1,4.0
1691,1104,8,1,3.1
1692,1105,3,1,3.2
1693,1105,11,1,2.6
1694,1106,6,2,3.7
1695,1107,8,1,3.1
1696,1108,20,1,3.9
1697,1109,16,1,2.8
1698,1110,17,1,4.2
1699,1110,14,1,2.9
1700,1111,19,1,3.8
1701,1112,18,1,3.8
1702,1112,6,1,3.7
1703,1112,2,1,2.8
1704,1113,5,1,3.5
1705,1113,15,1,4.5
1706,1114,3,2,3.2
1707,1114,5,1,3.5
1708,1114,3,1,3.2
1709,1115,11,1,2.6
1710,1116,19,1,3.8
1711,1117,2,1,2.8
1712,1118,2,1,2.8
1713,1118,21,1,3.2
1714,1118,14,1,2.9
1715,1119,7,2,3.3
1716,1119,19,1,3.8
1717,1119,16,1,2.8
1718,1120,11,2,2.6
1719,1120,7,2,3.3
1720,1121,14,1,2.9
1721,1121,12,2,2.7
1722,1122,1,1,2.5
1723,1122,15,1,4.5
1724,1123,4,1,3.4
1725,1123,4,2,3.4
1726,1124,7,1,3.3
1727,1125,19,1,3.8
1728,1125,5,1,3.5
1729,1126,9,1,2.6
1730,1126,13,2,2.8
1731,1127,10,1,2.6
1732,1127,6,1,3.7
1733,1127,15,1,4.5
1734,1128,12,1,2.7
1735,1128,19,2,3.8
1736,1129,3,1,3.2
1737,1129,8,1,3.1
1738,1130,21,2,3.2
1739,1130,20,1,3.9
1740,1131,3,1,3.2
1741,1132,23,2,4.1
1742,1132,18,1,3.8
1743,1133,3,1,3.2
1744,1134,7,1,3.3
1745,1135,3,1,3.2
1746,1135,1,1,2.5
1747,1136,14,1,2.9
1748,1136,6,1,3.7
1749,1136,19,2,3.8
1750,1137,4,2,3.4
1751,1137,20,1,3.9
1752,1138,6,2,3.7
1753,1138,2,1,2.8
1754,1139,14,1,2.9
1755,1140,17,1,4.2
1756,1140,6,1,3.7
1757,1141,3,1,3.2
1758,1142,5,1,3.5
1759,1142,3,1,3.2
1760,1143,9,2,2.6
1761,1144,1,1,2.5
1762,1144,22,1,4.0
1763,1145,16,1,2.8
1764,1146,4,1,3.4
1765,1147,6,1,3.7
1766,1147,1,1,2.5
1767,1148,4,1,3.4
1768,1149,6,1,3.7
1769,1150,8,1,3.1
1770,1151,1,1,2.5
1771,1151,8,1,3.1
1772,1152,8,2,3.1
1773,1152,19,1,3.8
1774,1153,8,1,3.1
1775,1154,10,1,2.6
1776,1155,6,1,3.7
1777,1155,2,2,2.8
1778,1156,19,1,3.8
1779,1156,8,2,3.1
1780,1157,5,2,3.5
1781,1157,23,1,4.1
1782,1158,19,2,3.8
1783,1159,15,1,4.5
1784,1159,8,1,3.1
1785,1160,23,1,4.1
1786,1160,4,1,3.4
1787,1160,2,1,2.8
1788,1161,18,1,3.8
1789,1161,4,1,3.4
1790,1162,4,1,3.4
1791,1163,6,1,3.7
1792,1163,1,1,2.5
1793,1164,3,1,3.2
1794,1164,4,1,3.4
1795,1165,5,2,3.5
1796,1165,3,1,3.2
1797,1165,19,1,3.8
1798,1166,21,1,3.2
1799,1167,4,1,3.4
1800,1167,15,1,4.5
1801,1168,15,1,4.5
1802,1169,5,1,3.5
1803,1169,14,1,2.9
1804,1170,3,1,3.2
1805,1170,14,1,2.9
1806,1170,17,1,4.2
1807,1171,3,1,3.2
1808,1172,21,1,3.2
1809,1172,19,1,3.8
1810,1173,5,1,3.5
1811,1173,17,1,4.2
1812,1174,10,1,2.6
1813,1175,22,1,4.0
1814,1175,1,1,2.5
1815,1175,22,1,4.0
1816,1176,2,1,2.8
1817,1177,4,1,3.4
1818,1177,6,2,3.7
1819,1178,5,2,3.5
1820,1178,5,1,3.5
1821,1179,9,1,2.6
1822,1180,6,1,3.7
1823,1181,7,2,3.3
1824,1182,4,1,3.4
1825,1183,22,1,4.0
1826,1184,1,1,2.5
1827,1184,2,2,2.8
1828,1184,21,2,3.2
1829,1185,22,1,4.0
1830,1186,9,1,2.6
1831,1186,12,1,2.7
1832,1187,3,1,3.2
1833,1188,1,1,2.5
1834,1189,6,2,3.7
1835,1190,6,1,3.7
1836,1190,8,1,3.1
1837,1191,2,1,2.8
1838,1191,7,1,3.3
1839,1192,15,1,4.5
1840,1192,7,1,3.3
1841,1192,4,1,3.4
1842,1193,7,2,3.3
1843,1194,5,1,3.5
1844,1194,23,1,4.1
1845,1195,5,1,3.5
1846,1195,4,1,3.4
1847,1196,14,1,2.9
1848,1196,7,1,3.3
1849,1197,3,1,3.2
1850,1198,10,1,2.6
1851,1199,10,1,2.6
1852,1200,6,1,3.7
